<?xml version="1.0"?>
<!--<!DOCTYPE metadata SYSTEM "http://www.esri.com/metadata/esriprof80.dtd">-->
<metadata xml:lang="en"><Esri><CreaDate>20110411</CreaDate><CreaTime>16135500</CreaTime><SyncOnce>TRUE</SyncOnce><MetaID>{2E4FAC60-518C-4966-B899-8E7839941389}</MetaID></Esri><idinfo><citation><citeinfo><onlink Sync="TRUE">\\AFRCRM123VISTA\C$\Users\felixa\Documents\Manuscripts\GIS_labs_4ESRI\Final_SAR_data\cities</onlink></citeinfo></citation></idinfo><distInfo><distributor><distorTran><onLineSrc><linkage Sync="TRUE">file://\\AFRCRM123VISTA\C$\Users\felixa\Documents\Manuscripts\GIS_labs_4ESRI\Final_SAR_data\cities</linkage><protocol Sync="TRUE">Local Area Network</protocol></onLineSrc></distorTran></distributor></distInfo><dataqual><lineage><procstep><procdesc Sync="TRUE">Dataset copied.</procdesc><srcused Sync="TRUE">C:\Users\felixa\Documents\Courses\AdvancedII\Exam_Data\cities</srcused><procdate Sync="TRUE">20091012</procdate><proctime Sync="TRUE">12485400</proctime></procstep><procstep><procdesc Sync="TRUE">Dataset copied.</procdesc><srcused Sync="TRUE">C:\Users\felixa\Documents\Courses\AdvancedII\Exam_Data\EXAM1\cities</srcused><procdate Sync="TRUE">20100315</procdate><proctime Sync="TRUE">09555900</proctime></procstep><procstep><procdesc Sync="TRUE">Dataset copied.</procdesc><srcused Sync="TRUE"></srcused><procdate Sync="TRUE">20100519</procdate><proctime Sync="TRUE">09392200</proctime></procstep><procstep><procdesc Sync="TRUE">Dataset copied.</procdesc><srcused Sync="TRUE">C:\Users\felixa\Documents\Manuscripts\GIS_labs_4ESRI\SAR_lab_data2\cities</srcused><procdate Sync="TRUE">20110411</procdate><proctime Sync="TRUE">16135500</proctime></procstep></lineage></dataqual></metadata>
