<?xml version="1.0"?>
<!--<!DOCTYPE metadata SYSTEM "http://www.esri.com/metadata/esriprof80.dtd">-->
<metadata xml:lang="en"><Esri><CreaDate>20110411</CreaDate><CreaTime>16135500</CreaTime><SyncOnce>TRUE</SyncOnce><MetaID>{559FEDF8-7C53-4372-BE97-5CA4F3B21870}</MetaID></Esri><idinfo><citation><citeinfo><onlink Sync="TRUE">\\AFRCRM123VISTA\C$\Users\felixa\Documents\Manuscripts\GIS_labs_4ESRI\Final_SAR_data\Ouachita_NF</onlink></citeinfo></citation></idinfo><distInfo><distributor><distorTran><onLineSrc><linkage Sync="TRUE">file://\\AFRCRM123VISTA\C$\Users\felixa\Documents\Manuscripts\GIS_labs_4ESRI\Final_SAR_data\Ouachita_NF</linkage><protocol Sync="TRUE">Local Area Network</protocol></onLineSrc></distorTran></distributor></distInfo><dataqual><lineage><procstep><procdesc Sync="TRUE">Dataset copied.</procdesc><srcused Sync="TRUE">C:\Users\felixa\Documents\Courses\AdvancedII\Exam_Data\Ouachita_NF</srcused><procdate Sync="TRUE">20100331</procdate><proctime Sync="TRUE">13330000</proctime></procstep><procstep><procdesc Sync="TRUE">Dataset copied.</procdesc><srcused Sync="TRUE">C:\Users\felixa\Documents\Manuscripts\GIS_labs_4ESRI\SAR_lab_data2\Ouachita_NF</srcused><procdate Sync="TRUE">20110411</procdate><proctime Sync="TRUE">16135500</proctime></procstep></lineage></dataqual></metadata>
