<?xml version="1.0"?>
<!--<!DOCTYPE metadata SYSTEM "http://www.esri.com/metadata/esriprof80.dtd">-->
<metadata xml:lang="en"><Esri><CreaDate>20110411</CreaDate><CreaTime>16135600</CreaTime><SyncOnce>TRUE</SyncOnce><MetaID>{65B3EDA5-CD1E-43EB-8459-33C146D061E9}</MetaID></Esri><idinfo><citation><citeinfo><onlink Sync="TRUE">\\AFRCRM123VISTA\C$\Users\felixa\Documents\Manuscripts\GIS_labs_4ESRI\Final_SAR_data\roads_ouachita</onlink></citeinfo></citation></idinfo><distInfo><distributor><distorTran><onLineSrc><linkage Sync="TRUE">file://\\AFRCRM123VISTA\C$\Users\felixa\Documents\Manuscripts\GIS_labs_4ESRI\Final_SAR_data\roads_ouachita</linkage><protocol Sync="TRUE">Local Area Network</protocol></onLineSrc></distorTran></distributor></distInfo><dataqual><lineage><procstep><procdesc Sync="TRUE">Dataset copied.</procdesc><srcused Sync="TRUE">C:\Users\felixa\Documents\Manuscripts\GIS_labs_4ESRI\new_roads</srcused><procdate Sync="TRUE">20100318</procdate><proctime Sync="TRUE">17112300</proctime></procstep><procstep><procdesc Sync="TRUE">Dataset copied.</procdesc><srcused Sync="TRUE">C:\Users\felixa\Documents\Manuscripts\GIS_labs_4ESRI\new_roadsCopy</srcused><procdate Sync="TRUE">20100318</procdate><proctime Sync="TRUE">17371800</proctime></procstep><procstep><procdesc Sync="TRUE">Dataset copied.</procdesc><srcused Sync="TRUE">C:\Users\felixa\Documents\Manuscripts\GIS_labs_4ESRI\roads_ouachita</srcused><procdate Sync="TRUE">20100331</procdate><proctime Sync="TRUE">13380300</proctime></procstep><procstep><procdesc Sync="TRUE">Dataset copied.</procdesc><srcused Sync="TRUE">C:\Users\felixa\Documents\Manuscripts\GIS_labs_4ESRI\SAR_lab_data2\roads_ouachita</srcused><procdate Sync="TRUE">20110411</procdate><proctime Sync="TRUE">16135600</proctime></procstep></lineage></dataqual></metadata>
