<?xml version="1.0"?>
<!--<!DOCTYPE metadata SYSTEM "http://www.esri.com/metadata/esriprof80.dtd">-->
<metadata xml:lang="en"><Esri><CreaDate>20110411</CreaDate><CreaTime>16110400</CreaTime><SyncOnce>TRUE</SyncOnce><DataProperties><lineage><Process ToolSource="C:\Program Files\ArcGIS\ArcToolbox\Toolboxes\Spatial Analyst Tools.tbx\ExtractByMask" Date="20110411" Time="143709">ExtractByMask land_cover1 "New Shapefile1" Z:\SAR\land_cover</Process></lineage></DataProperties><MetaID>{4C26A5D0-CF08-42B2-BB6A-4183488DBEDA}</MetaID></Esri><idinfo><citation><citeinfo><onlink Sync="TRUE">\\AFRCRM123VISTA\C$\Users\felixa\Documents\Manuscripts\GIS_labs_4ESRI\Final_SAR_data\land_cover</onlink></citeinfo></citation></idinfo><distInfo><distributor><distorTran><onLineSrc><linkage Sync="TRUE">file://\\AFRCRM123VISTA\C$\Users\felixa\Documents\Manuscripts\GIS_labs_4ESRI\Final_SAR_data\land_cover</linkage><protocol Sync="TRUE">Local Area Network</protocol></onLineSrc></distorTran></distributor></distInfo><dataqual><lineage><procstep><procdesc Sync="TRUE">Dataset copied.</procdesc><srcused Sync="TRUE">Z:\SAR\land_cover</srcused><procdate Sync="TRUE">20110411</procdate><proctime Sync="TRUE">16110400</proctime></procstep></lineage></dataqual></metadata>
